Text,Tag,Markers
What is your favorite animal?,non-tech,questions_csv
" Refurbished Dell XPS 13 9360 i5-7200U 8GB 256GB PCIe SSD FHD INFINITY Windows
10 Home laptop silver",tech,laptops_csv
" Dell Epic Silver 17.3"""" Alienware AW17R3-1675SLV Laptop PC with Intel Core
i7-6700HQ Processor, 8GB Memory, 1TB Hard Drive and Windows 10 Home",tech,laptops_csv
" Apple MacBook Air 13.3 Inch Laptop MJVE2LL/A Intel Core i5 1.6GHz, 4GB RAM,
128GB SSD (Scratch and Dent Refurbished)",tech,laptops_csv
" Refurbished Samsung Silver 11.6"""" XE303C12-A01US Chromebook PC with Samsung
Exynos 5 Dual-Core Processor, 2GB Memory, 16GB Flash Memory and Chrome OS",tech,laptops_csv
" Laptop Value Bundle w/Choice of Laptop, Case, Flash Drive & Printer",tech,laptops_csv
" Refurbished Dell XPS 13 9350 i5-6200U 8GB 256GB PCIe SSD FHD 1080p INFINITY
Windows 10 laptop silver",tech,laptops_csv
" Dell Inspiron 11 3162 Series 11.6"""" Laptop Premium Bundle, Bali Blue Sleeve +
Blue Wireless Mouse, Windows 10, Intel Celeron N3060 Dual Core, 4GB RAM, 32GB
eMMC",tech,laptops_csv
" Microsoft Surface Pro 4 12.3"""" 4GB/128GB Intel Core m3",tech,laptops_csv
" Certified Refurbished - Apple MacBook Pro Retina 15-Inch Laptop - 2.6Ghz Core
i7 / 8GB RAM / 512GB SSD MC976LL/A (Grade B)",tech,laptops_csv
" Refurbished Apple MacBook Pro 13.3"""" LED Intel i5-3210M Core 2.5GHz 4GB 500GB
Laptop MD101LLA",tech,laptops_csv
" Refurbished Apple MacBook 13.3"""" Laptop Intel Core 2 Duo P7550 2.26GHz 250GB
2GB - MC207LLA",tech,laptops_csv
" MAXIMUS 11.6"""" Laptop PC with Intel Atom Z3735F Quad-Core Processor, 2GB
Memory, touch screen, 32GB Storage and Windows 10",tech,laptops_csv
" Hp 15-ay000 15-ay068nr 15.6"""" Notebook - Intel Core I7 [6th Gen] I7-6500u
Dual-core [2 Core] 2.50 Ghz - 8 Gb Ddr3l Sdram - 1 Tb Hdd - Windows 10 Home
64-bit - 1366 X 768 - Brightview - (x0h83ua-aba)",tech,laptops_csv
" Dell Inspiron 17 5000 i5767 17.3"""" Laptop, Windows 10 Home, Intel Core
i7-7500U Processor, 8GB RAM, 1TB Hard Drive",tech,laptops_csv
" HP EliteBook 850 G3 - 15.6"""" - Core i5 6200U - 8 GB RAM - 256 GB SSD",non-tech:tech,laptops_csv
" Refurbished Dell Black 15.6"""" Latitude E6530 Laptop PC with Intel Core
i5-3210M Processor, 6GB Memory, 500GB Hard Drive and Windows 10 Home",tech,laptops_csv
" 14"""" Ultra Slim Laptop, Windows 10 Home, Office 365 Personal 1-Year
Subscription Included ($69.99 Value), Full HD, Intel Processor, 32GB storage,
Front camera with 10 hour battery",tech,laptops_csv
 Dell 15 Amd A12 Laptop,tech,laptops_csv
" Refurbished Dell XPS 15 9550 i5-6300HQ 8GB 1TB FHD FHD INFINITY edge Nvidia
GTX960M Windows 10 Home Laptop silver",tech,laptops_csv
" HP ZBook 17 G3 Mobile Workstation - 17.3"""" - Core i7 6820HQ - 16 GB RAM - 1
TB HDD",tech,laptops_csv
" Dell Gray 13.3"""" Inspiron 13 5000 i5368-10024GRY Laptop PC with Intel Core
i7-6500U Processor, 8GB Memory, touch screen, 256GB Solid State Drive and
Windows 10 Home",tech,laptops_csv
" Acer Swift 1 SF113-31-P5CK 13.3"""" Ultra-Thin Laptop , Intel Pentium N4200
Processor, 4GB RAM, 64GB Storage Drive & 13.3” Full HD Widescreen Display",tech,laptops_csv
" Dell Black 15.6"""" Inspiron i3552 Laptop PC with Intel Celeron N3050
Processor, 4GB Memory, 500GB Hard Drive and Windows 10 Home",tech,laptops_csv
" Lenovo ideapad 110-151BR 15.6"""" Laptop, Windows 10 Home, Intel Pentium N3710
Processor, 4GB RAM, 1TB Hard Drive",tech,laptops_csv
" Acer Midnight Black Aspire E-15 15.6"""" E5-521-24PQ Laptop PC with AMD E2-6110
Quad-Core Processor, 4GB Memory, 1TB Hard Drive and Windows 8.1 with Wireless
Mouse, Case, and McAfee Security Protectio",tech,laptops_csv
" Apple MMGG2LLA MacBook Air 13.3-Inch Laptop 1.6GHz Dual-Core Intel Core i5
256GB",tech,laptops_csv
" HP Pavilion 15-au030wm 15.6"""" Manhattan Gold Laptop, Touch Screen, Windows
10, Intel Core i5-6200U Processor, 8GB Memory, 1TB Hard Drive",tech,laptops_csv
 Refurbished Apple Macbook Air MD231LL/A 13.3-inch Laptop,tech,laptops_csv
" Dell Inspiron i55782451GRY 15.6"""" Laptop, Touchscreen, Windows 10 Home, Intel
Core i5-7200U Processor, 8GB RAM, 1TB Hard Drive",tech,laptops_csv
" HP Chromebook 11 G5 - 11.6"""" - Celeron N3060 - 2 GB RAM - 16 GB SSD",tech,laptops_csv
" Refurbished Dell Black 14"""" E6420 Laptop PC with Intel Core i5 Processor, 6GB
Memory, 320GB Hard Drive and Windows 10 Home",tech,laptops_csv
" Lenovo Y50 Laptop 59421871-UHD Display/i7-4710HQ Processor/15.6 UHD
(3840x2160) Display/NVIDIA GeForce GTX 860M 4GB/16 GB memory/Hybrid 1TB 5400
RPM+8GB SSHD/Windows 8.1",tech,laptops_csv
" Refurbished HP 15-f387wm 15.6"""" Laptop, Touchscreen, Windows 10 Home, AMD
Quad-Core A8-7410 APU Processor, 4GB RAM, 500GB Hard Drive",tech,laptops_csv
" Dell Silver 13.3"""" XPS FHD Laptop PC with Intel Core i5-6200U Processor, 4GB
Memory, 128GB Solid State Drive and Windows 10 Home",tech,laptops_csv
" HP 14-Bw010Nr 14"""" Laptop, Windows 10 Home, AMD E2-9000e Dual-Core Processor,
4GB RAM, 500GB Hard Drive",tech,laptops_csv
" Acer Nitro 5 Gaming Laptop, 7th Gen Intel Core i7-7700HQ, GeForce GTX 1050 Ti
Graphics, 16GB DDR4, 256GB SSD, 1TB HDD, Windows 10 Home, AN515-51-70V4",tech,laptops_csv
 HP X7T64UA-ABA Chromebook 11 V010NR,tech,laptops_csv
" 14"""" Full HD IPS screen Laptop, Ultra-Slim Laptop, Windows 10, Intel Atom
Quad Core Processor, 2GB RAM, 32GB Flash Storage with a Carry Case included",tech,laptops_csv
" Refurbished Dell XPS 15 9550 i5-6300HQ 8GB 1TB + 180GB SSD FHD FHD
INFINITYedge Nvidia GTX960M Windows 10 Home Laptop silver",tech,laptops_csv
" HP 15-ay039wm 15.6"""" Silver Fusion Laptop, Windows 10, Intel Core i3-6100U
Processor, 8GB Memory, 1TB Hard Drive",tech,laptops_csv
" Acer Denim White 11.6"""" R11 CB5-132T-C32M Chromebook PC with Intel Celeron
N3150 Processor, 2GB Memory, touch screen, 32GB Hard Drive and Google Chrome",tech,laptops_csv
" Acer TravelMate P658-M-50NJ - 15.6"""" - Core i5 6300U - 8 GB RAM - 256 GB SSD
- US International",tech,laptops_csv
" Dell Silver 13.3"""" XPS 13 Laptop PC with Intel Core i7-6560U Processor, 8GB
Memory, touch screen, 256GB Solid State Drive and Windows 10 Home",tech,laptops_csv
" Apple MacBook Air - 13.3"""" - Core i5 - 8 GB RAM - 128 GB flash storage -
English",tech,laptops_csv
" HP 15-ay070wm 15.6"""" Realtree Xtra Camo Laptop, Windows 10, Intel Pentium
N3710 Processor, 4GB Memory, 1TB Hard Drive",tech,laptops_csv
" 2016 Newest Model HP Envy 17.3"""" Full HD High Performance Touchscreen Laptop
Computer- 6th Gen i7-6700HQ Quad-Core Processor, 16GB RAM, 1TB HDD,DVD Burner,
Backlit Keyboard, Wireless AC, Windows 10",tech,laptops_csv
" Lenovo Flex 3-1580 Tablet PC - 15.6"""" - Wireless LAN - Intel Core i7 i7-6500U
Dual-core (2 Core) 2.50 GHz - Black",tech,laptops_csv
" Dell - Inspiron 11.6"""" Laptop - Intel Celeron - 4GB Memory - 32GB eMMC Flash
Memory - Bali blue",tech,laptops_csv
" Dell Inspiron i55787451GRY 15.6"""" Laptop, Touchscreen, Windows 10 Home, Intel
Core i5-7200U Processor, 4GB RAM, 500GB Hard Drive",tech,laptops_csv
" Certified Refurbished - Apple MacBook Pro MC700LL/A 13-Inch Laptop - 2.3Ghz
Core i5 / 4GB RAM / 320GB",tech,laptops_csv
" Refurbished Apple MacBook Air 11.6"""" Laptop Intel Core i5-2467M 1.6GHz 2GB
64GB SSD MC968LL/A",tech,laptops_csv
" HP Silver Iridium A12 15-cd040wm 15.6” Laptop, Touchscreen, Windows 10 Home,
AMD Quad-Core A12-9720P, 12GB Memory, 1TB Hard Drive",tech,laptops_csv
" Refurbished HP Stream 14"""" Laptop, Windows 10 Home, Intel Celeron N3060
Processor, 4GB RAM, 32GB eMMC Storage",tech,laptops_csv
" Refurbished Apple MacBook Pro 15.4"""" Retina i7-3635QM 2.4GHz 16GB 256GB SSD
Laptop ME664LL/A",tech,laptops_csv
" HP Black Licorice 15.6"""" Touch 15-g059wm Laptop PC with AMD Quad-Core A8-6410
Processor, 4GB Memory, touch screen, 750GB Hard Drive and Windows 8.1 (Free
Windows 10 Upgrade before July 29, 2016)",tech,laptops_csv
" Microsoft Surface Book - 13.5"""" - Core i7 6600U - 16 GB RAM - 512 GB SSD -
English - North America",tech,laptops_csv
" Newest HP Envy 17t 17.3"""" Full HD High Performance Touchscreen Laptop PC (6th
Gen i7-6700HQ Quad-Core Processor, 16GB RAM, 1TB HDD,DVD Burner, Backlit
Keyboard, Windows 10)",tech,laptops_csv
" ASUS Metallic 15.6"""" GL552VW-DH74 Laptop PC with Intel Core i7-6700HQ
Processor, 16GB Memory, 1TB Hard Drive and Windows 10",tech,laptops_csv
" HP Silver Iridium Ci5 15-cc050wm 15.6"""" Laptop, Touchscreen, Windows 10 Home,
Intel Core i5-7200U Processor, 12GB Memory, 1TB Hard Drive",tech,laptops_csv
" Sony 11.6"""" VAIO Duo RBSVD11225CYB Laptop PC with Intel Core i7-3537U
Processor, touch screen, 256GB SSD and Windows 8, Refurbished",tech,laptops_csv
" HP Chromebook 11 G5 - 11.6"""" - Celeron N3060 - 4 GB RAM - 16 GB SSD",tech,laptops_csv
" Dell Inspiron i53787171GRY 13.3"""" Laptop, Touchscreen, Windows 10 Home, Intel
Core i7-7500U Processor, 8GB RAM, 256GB Solid State Drive",tech,laptops_csv
" Apple MacBook Air 13.3-Inch Laptop (Intel Core i5 1.6GHz, 128GB Flash, 8GB
RAM, OS X El Capitan)",tech,laptops_csv
" Samsung Notebook 9 Spin 13.3"""" NP940X3L-K01US Pure Black",tech,laptops_csv
" Refurbished Dell 15.6"""" Latitude E6530 WA5-0852 Laptop PC with Intel Core
i7-3520M Processor, 12GB Memory, 750GB Hard Drive and Windows 10 Pro",tech,laptops_csv
" Acer Aspire E15 E5-522-89W6 15.6"""" Laptop Bundle, Windows 10 Home, AMD
A8-7410 Processor, 4GB RAM, 500GB Hard Drive",tech,laptops_csv
" Refurbished Dell 14"""" Latitude E6440 Laptop PC with Intel Core i5-4300M
Processor, 8GB Memory, 256GB Solid State Drive and Windows 10 Pro",tech,laptops_csv
" Dell Inspiron 15 Gaming Edition 15.6"""" Gray 7559 Laptop PC with Intel Core
i7-6700HQ Processor, 8GB Memory, touch screen, 1TB Hybrid Hard Drive and
Windows 10 Home",tech,laptops_csv
" Lenovo ideapad 320 15.6"""" Laptop, Windows 10, AMD A9-9420 Dual-Core
Processor, 4GB RAM, 1TB Hard Drive - Onyx Black",tech,laptops_csv
" HP 11.6"""" 11-r014wm Stream Laptop PC with Intel Celeron N3050 Dual-Core
Processor, 2GB Memory, 32GB Hard Drive and Windows 10 Home, Microsoft Office
365 Personal (1yr subscription)",tech,laptops_csv
" HP Stream 14"""" Laptop, Windows 10 Home, Office 365 Personal 1-year included,
Intel Celeron N3060 Processor, 4GB RAM, 32GB eMMC Storage",tech,laptops_csv
" Dell - Inspiron 15 3000 15.6"""" - Intel Core i5 - 8GB 2400MHz DDR4 - 1TB 5400
RPM - HD Graphics 620",tech,laptops_csv
" Inspiron 11.6-inch Laptop Intel Celeron 2GB Ram 32GB eMMC Flash Memory Bali
Blue",tech,laptops_csv
" Dell Alienware 17 R4 17.3"""" Laptop, Windows 10 Home, Intel Core i7-7700HQ
Processor, 16GB RAM, 1TB Hard Drive",tech,laptops_csv
" Open Box Alienware 15 4K UHD Touchscreen Gaming Laptop Intel Skylake Core
i7-6700HQ 16GB DDR4 Memory 256GB SSD + 1TB HDD NVIDIA GeForce GTX 970M Klipsch
Audio USB 3.0 Type-C 802.11ac Bluetooth 4.1 Win",tech,laptops_csv
" ASUS ZenBook Flip UX360CA-UHM1T 13.3"""" 2-in 1 Laptop, Touchscreen, Intel Core
m3-7Y30 Processor, 8GB RAM, 256GB Solid State Drive, Windows 10",tech,laptops_csv
" MSI GT62VR Dominator 15.6"""" Gaming Laptop i7-7700HQ 16GB 256GB 1TB GTX1070
Win10",tech,laptops_csv
" Apple MacBook Air - 13.3"""" - Core i5 - 8 GB RAM - 256 GB flash storage -
English",tech,laptops_csv
" Dell Epic Silver 17.3"""" Alienware AW17R3-4175SLV Laptop PC with Intel Core
i7-6700HQ Processor, 16GB Memory, 256GB Solid State Drive and Windows 10 Home",tech,laptops_csv
" Dell Inspiron i57656382GRY 17.3"""" Laptop, Windows 10 Home, AMD FX 9800P
Processor, 16GB RAM, Radeon R8 M445DX Dual Graphics, 2TB Hard Drive",tech,laptops_csv
" HP Flyer Red 15.6"""" 15-f272wm Laptop PC with Intel Pentium N3540 Processor,
4GB Memory, 500GB Hard Drive and Windows 10 Home",tech,laptops_csv
" iView Maximus II 11.6"""" Laptop, Touchscreen, 2-in-1, Windows 10, Intel Bay
Trail Z3735F Processor, 2GB RAM, 32GB Storage",tech,laptops_csv
" Dell Inspiron 15 5000 i5567 15.6"""" Laptop, Touchscreen, Windows 10 Home,
Intel Core i7-7500U Processor, 16GB RAM, 1TB Hard Drive",tech,laptops_csv
" HP Elite x2 1012 G1 - 12"""" - Core m5 6Y54 - 8 GB RAM - 256 GB SSD - with HP
Elite x2 1012 G1 Travel Keyboard HP Active Pen",tech,laptops_csv
" Refurbished Dell XPS 15 9550 i5-6300HQ 8GB 1TB + 180GB SSD FHD FHD
INFINITYedge Nvidia GTX960M Windows 10 PROFESSIONAL Laptop silver",tech,laptops_csv
" iView 13.3"""" 1330NB Laptop PC with Intel Atom Cherry Trail Z8300 Processor,
2GB Memory, 32GB Flash Drive and Windows 10",tech,laptops_csv
" Dell Inspiron 15 Gaming Edition 15.6 Laptop Intel Core i7-6700HQ
Processor,NVIDIA GeForce GTX 960M Graphics, 16GB RAM, 1TB Hard Drive",tech,laptops_csv
" Apple MacBook Pro with Retina display - 15.4"""" - Core i7 - 16 GB RAM - 256 GB
flash storage - English",tech,laptops_csv
" ASUS X540SA 15.6"""" Laptop, Windows 10, Intel Pentium N3710 Processor, 4GB
RAM, 1TB Hard Drive",tech,laptops_csv
" Refurbished Dell XPS 15 9550 i5-6300HQ 8GB 1TB + 128GB SSD FHD FHD
INFINITYedge Nvidia GTX960M Windows 10 Home Laptop silver",tech,laptops_csv
" HP EliteBook 840 G3 - 14"""" - Core i5 6300U - 8 GB RAM - 500 GB HDD",tech,laptops_csv
" Dell XPS9360-7758SLV-PUS 13.3"""" Intel Core i7-7560U 8GB 256GB Pie Solid State
Drive Windows 10 Home Traditional Laptop",tech,laptops_csv
" Lenovo ThinkPad P50 - 15.6"""" - Xeon E3-1505MV5 - 16 GB RAM - 256 GB SSD",tech,laptops_csv
 I5-6200U 8GB 256GB 13.3IN TOUCH SCREEN W10,tech,laptops_csv
" Dell Latitude E6440 14 LED Notebook - Intel Core i7 i7-4610M Dual-core (2
Core) 3 GHz - Black, Silver X0D14",tech,laptops_csv
" Lenovo ThinkPad P50 - 15.6"""" - Core i7 6820HQ - 16 GB RAM - 256 GB SSD",tech,laptops_csv
" Acer Chromebook C910-54M1 - 15.6"""" - Core i5 5200U - 4 GB RAM - 32 GB SSD -
US",tech,laptops_csv
" Refurbished HP Natural Silver 15.6"""" Envy Laptop PC with Intel Core i5-5200U
Processor, 6GB Memory, touch screen, 1TB Hard Drive and Windows 10 Home",tech,laptops_csv
" Refurbished Dell XPS 15 9550 i5-6300HQ 8GB 1TB + 128GB SSD FHD FHD
INFINITYedge Nvidia GTX960M Windows 10 PROFESSIONAL Laptop silver",tech,laptops_csv
" Refurbished Apple 13.3"""" MacBook Air A1466 MD760LL/A with Intel Core i5-4250U
Processor, 4GB Memory, 128GB Solid State Drive and Mac OS X 10.10",tech,laptops_csv
" HP EliteBook Revolve 810 G3 Tablet - 11.6"""" - Core i5 5200U - 4 GB RAM - 128
GB SSD",tech,laptops_csv
" Refurbished HP Pavilion 15-au020wm 15.6"""" Laptop, Windows 10 Home, Intel Core
i5-6200U Dual-Core Processor, 8GB RAM, 1TB Hard Drive",tech,laptops_csv
" Dell Latitude E6420 Laptop - HDMI - Intel i5 2.5ghz - 6GB DDR3 - 320GB - DVDRW
- Windows 10 64bit - Refurbished",tech,laptops_csv
" Refurbished Dell XPS 15 9550 i7-6700HQ 16GB 512GB PCIe SSD UHD 4K Touch-Screen
INFINITY Nvidia GTX960M Windows 10 Home Laptop silver",tech,laptops_csv
" Refurbished Grade A Apple MacBook Air 13.3"""" Intel Core i5 3427U Processor
4GB Memory 128GB SSD Mac OS X Silver",tech,laptops_csv
" New Apple MMGF2LL/A MacBook Air 13.3-Inch Laptop (8GB RAM 128 GB SSD) MMGF2
NEWEST VERSION",tech,laptops_csv
 LENOVO T510 1ST GEN I5 2.4G 8GB 256GB DVD W10P,tech,laptops_csv
" Refurbished Apple Silver 13.3"""" MD101LL/A MacBook Pro with Intel Core i5
Processor, 4GB Memory, 500GB Hard Drive and Mac OS X 10.11 El Capitan",tech,laptops_csv
" Refurbished Dell XPS 15 9550 i7-6700HQ 16GB 256GB PCIe SSD UHD 4K Touch-Screen
INFINITY Nvidia GTX960M Windows 10 Home Laptop silver",tech,laptops_csv
" HP ZBook 17 G3 Mobile Workstation - 17.3"""" - Core i7 6700HQ - 8 GB RAM - 500
GB HDD",tech,laptops_csv
" Apple Macbook Laptop Value Bundle w/Choice of Refurbished Macbook Laptop,
Case, Flash Drive ; Mouse Bundle",tech,laptops_csv
" Dell Inspiron i57676370GRY 17.3"""" Laptop, Windows 10 Home, Intel Core
i7-7500U Processor, 16GB RAM, 2TB Hard Drive",tech,laptops_csv
" HP Flyer Red 15.6"""" 15-f272wm Laptop PC with Intel Pentium N3540 Processor,
4GB Memory, 500GB Hard Drive and Windows 10 Home, Refurbished",tech,laptops_csv
" Dell Inspiron i31790000BLU 11.6"""" Laptop, Touchscreen, Windows 10 Home, Intel
Core m3-7Y30 Processor, 4GB RAM, 500GB Hard Drive",tech,laptops_csv
" HP 15-f222wm – 15.6 Laptop ,Touchscreen, Windows 10 Home, Intel Pentium Quad-
Core Processor, 4GB Memory, 500GB Hard Drive",tech,laptops_csv
" Refurbished Dell XPS 15 9550 i5-6300HQ 8GB 1TB + 256GB SSD FHD FHD
INFINITYedge Nvidia GTX960M Windows 10 PROFESSIONAL Laptop silver",tech,laptops_csv
" Refurbished Dell XPS 13 9360 i5-7200U 8GB 128GB SSD FHD INFINITY Windows 10
Home laptop silver",tech,laptops_csv
" Newest HP Envy 15t High Performance Laptop PC with Full HD Touchscreen ( Intel
i7 Processor, 32GB RAM, 1TB HDD + 128 GB SSD, 15.6 Inch FHD (1920 x 1080)
Touchscreen, Windows 10)",tech,laptops_csv
" Dell Inspiron 15 5000 i5578 15.6"""" Laptop, Touchscreen, 2-in-1, Windows 10
Home, Intel Core i7-7500U Processor, 16GB RAM, 512GB Solid State Drive",tech,laptops_csv
" Lenovo ThinkPad X1 Yoga - 14"""" - Core i7 6500U - 8 GB RAM - 512 GB SSD",tech,laptops_csv
" Refurbished Dell 14"""" E6420 Laptop PC with Intel Core i5 Processor, 4GB
Memory, 320GB Hard Drive and Windows 10 Pro",tech,laptops_csv
" HP ZBook 15 G3 Mobile Workstation - 15.6"""" - Core i7 6700HQ - 8 GB RAM - 500
GB HDD",tech,laptops_csv
" Acer Black 15.6"""" Aspire E5 Laptop PC with Intel Pentium 3556U Dual-Core
Processor, 4GB Memory, touch screen, 500GB Hard Drive and Windows 8.1 (Free
Windows 10 Upgrade before July 29, 2016)",tech,laptops_csv
" Refurbished Dell XPS 15 9550 i5-6300HQ 8GB 1TB + 256GB SSD FHD FHD
INFINITYedge Nvidia GTX960M Windows 10 Home Laptop silver",tech,laptops_csv
" Refurbished Dell XPS 15 9550 i7-6700HQ 16GB 512GB PCIe SSD FHD INFINITY Nvidia
GTX960M Windows 10 Home Laptop silver",tech,laptops_csv
" Dell Silver 17.3"""" Inspiron 5759 Laptop PC with Intel Core i7-6500U
Processor, 16GB Memory, 2TB Hard Drive and Windows 10 Home",tech,laptops_csv
" Dell - Inspiron 15 5000 2-in-1, 15.6-inch FHD, Intel Core i7-7500U, 8GB
2400MHz DDR4, 1TB 5400 rpm Hard , Intel HD graphics 620",tech,laptops_csv
" Refurbished Apple MacBook Air 11.6"""" Laptop Intel Core i5-4260U 1.4GHz 4GB
128GB SSD MD711LLB",tech,laptops_csv
" Acer TravelMate P278-MG-788Z - 17.3"""" - Core i7 6500U - 8 GB RAM - 1 TB HDD -
US International",tech,laptops_csv
" HP 15-ay041wm 15.6"""" Silver Fusion Laptop, Touch Screen, Windows 10, Intel
Core i3-6100U Processor, 8GB Memory, 1TB Hard Drive",tech,laptops_csv
" Lenovo ThinkPad P70 - 17.3"""" - Core i7 6700HQ - 16 GB RAM - 500 GB HDD",tech,laptops_csv
" Dell Silver 13.3"""" XPS XPS9350-4007SLV Laptop PC with Intel Core i5-6200U
Processor, 8GB Memory, touch screen, 256GB Solid State Drive and Windows 10
Home",tech,laptops_csv
" Refurbished Apple MacBook Pro 13.3"""" 2.4GHz Dual-Core Intel i5 4GB 500GB HDD
Laptop MD313LLA",tech,laptops_csv
" Dell Black Gloss 15.6"""" Inspiron 5558 Laptop PC with Intel Core i3-4030U
Processor, 6GB Memory, Touchscreen, 500GB Hard Drive and Windows 10",tech,laptops_csv
" Dell Inspiron 15-5577 Notebook with Intel i7-7700HQ, 16GB 512GB SSD",tech,laptops_csv
" Refurbished HP Silver 15.6"""" 15-f271wm Laptop PC with Intel Pentium N3540
Quad-Core Processor, 4GB Memory, 500GB Hard Drive and Windows 10 Home",tech,laptops_csv
" Apple MacBook Air MD760LL/A Intel Core i5-4250U X2 1.3GHz 4GB 128GB SSD
(Certified Refurbished)",tech,laptops_csv
" Certified Refurbished - Apple MacBook Pro Retina 15-Inch Laptop - 2.3Ghz Core
i7 / 8GB RAM / 256GB SSD MC975LL/A (Grade B)",tech,laptops_csv
" HP EliteBook Folio G1 - 12.5"""" - Core m5 6Y57 - 8 GB RAM - 256 GB SSD",tech,laptops_csv
" Apple MacBook Pro with Touch Bar - 13.3"""" - Core i5 - 8 GB RAM - 256 GB SSD -
English",tech,laptops_csv
 Panasonic CF-54F0001VM 14-inch Semi-Rugged Laptop,tech,laptops_csv
" HP Pavilion 15-au018wm 15.6"""" Liquid Platinum Gaming Laptop, Touch Screen,
Windows 10, Intel Core i7-6500U Processor, NVIDIAￂﾮ GeForce 940MX Graphics,
12GB Memory, 1TB Hard Drive",tech,laptops_csv
" Asus Chromebook C201PA-DS01 11.6"""" Chromebook - Rockchip Cortex A17 RK3288
Quad-core (4 Core) 1.80 GHz - Navy Blue - 2 GB LPDDR3 RAM - ARM Mali-T764 -
Chrome OS - 1366 x 768 16:9 Display – Bluetooth",tech,laptops_csv
" Acer Aspire R 13 R7-371T-59Q1 - 13.3"""" - Core i5 5200U - 8 GB RAM - 128 GB
SSD (2x)",tech:non-tech,laptops_csv
" Apple MacBook - 12"""" - Core m5 - 8 GB RAM - 512 GB flash storage - English",tech,laptops_csv
" Apple MacBook Air MD711LL/A 11.6"""" Intel i5 1.3 GHz Dual-Core 4GB RAM 128GB
HD, Refurbished Scratch and Dent",non-tech:tech,laptops_csv
" HP 15-ba052wm 15.6"""" Laptop, Touchscreen, Windows 10 Home, AMD A10-9600P
Quad-Core APU Processor, 8GB RAM, 1TB Hard Drive",tech,laptops_csv
" 12.5"""" Ultra Slim Laptop, Windows 10 Home, Office 365 Personal 1-Year
Subscription Included ($69.99 Value), Intel Processor, 32GB storage, Front
camera with 10 hour battery",tech,laptops_csv
 Chromebook - 14-ak040nr 14 Inch Chromebook 14-ak040nr (ENERGY STAR),tech,laptops_csv
" HP Silver 17.3"""" Pavilion 17-g121wm Laptop PC with AMD A10-8700P Processor,
8GB Memory, 1TB Hard Drive and Windows 10 Home",tech,laptops_csv
" Open Box Acer Aspire V15 Nitro Black Edition VN7-591G-79YZ 15.6"""" Laptop
Computer",tech,laptops_csv
" HP 15.6"""" Touchscreen Notebook w/ AMD A8, 4GB RAM, 1TB HDD, Windows 10 Home -
Red",tech,laptops_csv
 HP X0S48UA Pavilion Notebook 15-au091nr,tech,laptops_csv
" ASUS ZenBook Flip UX360CA 13.3-inch Touchscreen Convertible Laptop Core m3 8GB
DDR3 256GB SSD with Windows 10",tech,laptops_csv
" HP EliteBook 840 G3 - 14"""" - Core i5 6200U - 8 GB RAM - 128 GB SSD",tech,laptops_csv
" DELL Inspiron 13 5000 i5378-3031GRY Intel Core i3 7th Gen 7100U (2.40 GHz) 4
GB Memory 1 TB HDD 13.3"""" Touchscreen 1920 x 1080 2-in-1 Laptop Windows 10
Home 64-bit",tech,laptops_csv
" Lenovo ThinkPad X1 Yoga - 14"""" - Core i5 6200U - 8 GB RAM - 256 GB SSD",tech,laptops_csv
" Grade A Refurbished Apple Silver 13.3"""" MacBook Pro with Intel Core i5-3210M
Processor, 4GB Memory, 500GB Hard Drive and Mac OS X 10.10.5",tech,laptops_csv
" HP 11.6"""" 11-r014wm Stream Laptop PC, Windows 10 Home, Office 365 Personal 1
year subscription included, Intel Celeron N3050 Dual-Core Processor, 2GB
Memory, 32GB Hard Drive",tech,laptops_csv
" Refurbished Toshiba Satellite Radius 15.6"""" Laptop, Touchscreen, 2-in-1,
Windows 10 Home, Intel Core i7-6500U Processor, 12GB RAM, 1TB Hard Drive",tech,laptops_csv
 EXCESS TS 15.6 i7 16G 512G,tech,laptops_csv
" HP Stream 14-ax020nr 14"""" Laptop, Windows 10 Home, Office 365 Personal 1-year
subscription included, Intel Celeron N3060 Processor, 4GB RAM, 32GB eMMC
Storage",tech,laptops_csv
" Refurbished Grade A Apple MacBook Air MD711LL/A 11.6"""" 1.3GHz Dual core i5
4GB RAM 128GB SSD Silver",tech,laptops_csv
" Lenovo Black 15.6"""" G50 Laptop PC with AMD A8-6410 Processor, 4GB Memory,
500GB Hard Drive and Windows 8.1 (Eligible for Free Windows 10 Upgrade)",tech,laptops_csv
" ASUS ROG Strix GL553VD 15.6"""" Gaming Laptop GTX 1050 4GB Intel Core i7-7700HQ
16GB DDR4 1TB 7200RPM HDD RGB Keyboard",tech,laptops_csv
" Refurbished Dell 15.6"""" Latitude E5520 WA5-0903 Laptop PC with Intel Core
i5-2410M Processor, 8GB Memory, 500GB Hard Drive and Windows 10 Pro",tech,laptops_csv
" Lenovo IdeaPad 100-15IBD 80QQ002DUS 15.6"""" 16:9 Notebook - Intel Core i3 (5th
Gen) i3-5020U Dual-core (2 Core) 2.20 GHz -",tech,laptops_csv
" HP T6F47UT Notebook 14"""" HD LED Display i5-6300U w/ 8GB RAM 500GB HDD Laptop",tech,laptops_csv
" Refurbished HP Ultrabook 14"""" EliteBook Folio 9470M WA5-1162 Laptop PC with
Intel Core i7-Processor 3667U, 16GB Memory, 256GB Solid State Drive and
Windows 10 Pro",tech,laptops_csv
" Dell XPS 13.3"""" Laptop, Touchscreen, Windows 10 Home, Intel Core i5-7200U
Processor, 8GB RAM, 256GB Solid State Drive",tech,laptops_csv
" Dell XPS9560-5000SLV 15.6"""" with 4K Touch Display Core i5 8GB, 256GB SSD GTX
1050 Ultra Thin and Light Laptop",tech,laptops_csv
" Microsoft Surface Book - 13.5"""" - Core i7 6600U - 8 GB RAM - 256 GB SSD -
English - North America",tech,laptops_csv
" Dell Silver 15.6"""" Inspiron 5559 FHD Touch Laptop PC with Intel Core i7-6500U
Processor, 8GB Memory, touch screen, 1TB Hard Drive and Windows 10 Home",tech,laptops_csv
 Value Bundle Buy a MAXIMUS 11.6; Laptop PC Case and Save,tech,laptops_csv
" MSI GT73VR TITAN-427 17.3"""" Notebook w/ Intel i7, 16GB RAM & 1TB HDD",tech,laptops_csv
" Dell Silver 17.3"""" Inspiron 5000 Series i5755-4287SLV Laptop PC with AMD
A8-7410 Processor, 8GB Memory, touch screen, 1TB Hard Drive and Windows 10
Home",tech,laptops_csv
 R554LA-RH31T(WX) I3-4005U 1.7G 6GB 500GB DVDRW 15.6IN W10,tech,laptops_csv
" Apple MacBook Pro 13.3 Intel Core 2 Duo 2.26GHz 2GB 160GB Laptop MB990LL/A -
Certified Refurbished",tech,laptops_csv
 Apple MacBook Air 13.3 Inch Laptop MD508LL/A (Certified Refurbished),tech,laptops_csv
" Acer R11 CB5-132T-C1LK 11.6"""" Chromebook, Touchscreen, 2-in-1, Chrome, Intel
Celeron N3150 Quad-Core Processor, 4GB RAM, 32GB Flash Storage",tech,laptops_csv
 E1-731-4699 2020M 4GB 500GB W7HP 64BIT 17.3IN BGN,tech,laptops_csv
" Mint Dell Latitude E6420 Laptop Core i5 2520M 2.5GHz 4GB 320GB 14.1"""" Windows
7 (Refurbished)",tech,laptops_csv
" Acer CB3-532-C47C 15.6"""" Chromebook, Chrome OS, Intel Celeron N3060 Dual-Core
Processor, 2GB RAM, 16GB Internal Storage",tech,laptops_csv
" Refurbished HP 14"""" Elitebook 8470P Laptop PC with Intel Core i5-3320M
Processor, 4GB Memory, 320GB Hard Drive and Windows 10 Pro",tech,laptops_csv
 Inspiron 15-3541 Notebook,tech,laptops_csv
" Razer Blade 14"""" QHD+ Touchscreen Gaming Laptop 512GB - NVIDIA GeForce GTX
870M",tech,laptops_csv
" Apple MacBook Air MJVM2LL/A 11.6-Inch laptop(1.6 GHz Intel i5, 128 GB SSD,
Integrated Intel HD Graphics 6000, Mac OS X Y",tech,laptops_csv
" Refurbished Apple MacBook Air 11.6"""" MD711LL/A i5-4250U Dual-Core 1.3GHz 4GB
128GB SSD Laptop",tech,laptops_csv
" Certified Refurbished - Apple MacBook Pro 13-Inch Laptop - 2.26Ghz Core 2 Duo
/ 4GB RAM / 320GB and Up HDD MB990LL/A (Grade A)",tech,laptops_csv
 Apple MMGF2LL/A MacBook Air 13.3-Inch Laptop (128 GB),tech,laptops_csv
" Dell Inspiron 15 5000 i5567 15.6"""" Laptop, Windows 10 Home, Intel Core
i5-7200U Processor, 8GB RAM, 1TB Hard Drive",tech,laptops_csv
" Refurbished Sony Carbon Black Ultrabook 13.3"""" VAIO Duo SVD13213CYB Laptop PC
with Intel Core i5-4200U Dual-Core Processor, 4GB Memory, touch screen, 128GB
SSD and Windows 8",tech,laptops_csv
" Acer Granite Gray 15.6"""" CB3-531-C4A5 Chromebook PC with Intel Celeron N2830
Dual-Core Processor, 2GB Memory, 16GB Hard Drive and Chrome OS",tech,laptops_csv
" Apple MacBook Pro 13.3"""" Intel Dual Core i5 2.5GHz 4GB 500GB Laptop -
MD101LLA",tech,laptops_csv
" HP Chromebook 11 G4 - Education Edition - 11.6"""" - Celeron N2840 - 2 GB RAM -
16 GB SSD",tech,laptops_csv
" Dell - i7559-7514GRY 15.6"""" 4K Ultra HD Touch screen Laptop with Intel Core
i7-6700HQ Processor, 16GB Memory, 1T plus 128GB solid state drive, NVIDIA
GeForce GTX 960M graphics, Windows 10 Home",tech,laptops_csv
" HP Spectre X360 15-AP012DX 2-in-1 15.6"""" 4K Touchscreen Notebook Intel Core
i7-6500U 16GB DDR3L 256GB SSD Windows 10 - Natural Silver Factory Refurbished",tech,laptops_csv
" HP Black 15.6"""" 15-f233wm Laptop PC with Intel Celeron N3050 Processor, 4GB
Memory, 500GB Hard Drive and Windows 10 Home",tech,laptops_csv
" Acer Chromebook R 11 C738T-C5R6 - 11.6"""" - Celeron N3150 - 4 GB RAM - 32 GB
SSD - US",tech,laptops_csv
 C201PA-DS02 11.6IN 1.8G 4GB 16GB NO TOUCH CHROME OS NAVY BLUE,tech,laptops_csv
 HP Chromebook 11 G4 Intel Celeron N2840 2.16 GHz 2 GB DDR3L-1600 SDRAM,tech,laptops_csv
" Acer Sleekbook Silver 11.6"""" V5-122P-0408 Touch Laptop PC with AMD A4-1250
Processor, 4GB Memory, 500GB Hard Drive, touch screen and Windows 8",tech,laptops_csv
" HP Pavilion 15-bk020wm X360 15.6"""" Laptop, Touch Screen, 2 in 1, Windows 10,
Intel Core i5-6200U Processor, 8GB Memory, 1TB Hard Drive, Natural Silver",tech,laptops_csv
" Acer Sparkly Silver 14"""" CB3-431-C5FM Chromebook PC with Intel Celeron N3160
Processor, 4GB Memory, 32GB Flash Drive and Chrome OS",tech,laptops_csv
" HP Stream 11.6"""" Laptop, Windows 10 Home, Office 365 Personal 1-year
subscription included, Intel Celeron N3060 Processor, 4GB RAM, 32GB eMMC
Storage",tech,laptops_csv
" Dell - Inspiron 2-in-1 11.6"""" Touch-Screen Laptop - Intel Pentium - 4GB
Memory - 500GB HD - Red",tech,laptops_csv
" Refurbished Apple MacBook Pro 15.4 Intel Core i7 2.6GHz 8GB 512GB Laptop
MC976LL/A",tech,laptops_csv
" HP Black 15.6"""" 15-f211wm Laptop PC with Intel Celeron N2840 Processor, 4GB
Memory, touch screen, 500GB Hard Drive and Windows 10 Home",tech,laptops_csv
" Refurbished Dell Black 15.6"""" Latitude E6530 WA5-0856 Laptop PC with Intel
Core i7-3720QM Processor, 16GB Memory, 256GB Solid State Drive and Windows 10
Pro",tech,laptops_csv
" Refurbished Acer Midnight Black 15.6"""" Aspire E5-571-563B Laptop PC with
Intel Core i5-4210U Processor, 6GB Memory, 1TB Hard Drive and Windows 8.1
(Eligible for Free Windows 10 Upgrade)",tech,laptops_csv
" HP Chromebook 14 G4 - 14"""" - Celeron N2840 - 4 GB RAM - 16 GB SSD",tech,laptops_csv
" Epik Teqnio ELL1201T 12.5"""" Laptop, Windows 10 Home, Intel Atom x5-Z8350
Processor, 2GB RAM, 32GB Flash Drive",tech,laptops_csv
" HP Silver Iridium Ci7 15-cc060wm 15.6"""" Laptop, Touchscreen, Windows 10 Home,
Intel Core i7-7500U Processor, 12GB Memory, 1TB Hard Drive",tech,laptops_csv
" Acer Mineral Gray 14"""" Aspire One Cloudbook AO1-431-C8G8 Laptop PC, Windows
10, Office 365 Personal 1-year subscription included with Intel Celeron N3050
Processor, 2GB Memory, 32GB eMMC",tech,laptops_csv
" Acer A315-51-380T 15.6"""" Laptop, 7th Gen Intel Core i3-7100U, 4GB DDR4, 1TB
HDD, Windows 10 Home",tech,laptops_csv
" Dell - Inspiron 15 5000 2-in-1 15.6"""" Touch-Screen Laptop - Intel Core i3 -
4GB Memory - 500GB 5400RPM HD - Gray",tech,laptops_csv
" HP 14-ak030nr 14"""" Chromebook, Chrome, Intel Celeron N2840 Processor, 4GB
RAM, 16GB eMMC",tech,laptops_csv
" Refurbished Dell XPS 13 9350 i7-6560U 16GB 512GB PCIe SSD QHD+ touch IRIS 540
W10 silver",tech,laptops_csv
" HP Silver 15.6"""" EliteBook 755 G3 Laptop PC with AMD A12-8800B Quad-Core
Processor, 8GB Memory, touch screen, 256GB Solid State Drive and Windows 7
Professional",tech,laptops_csv
" Acer Denim White 11.6"""" CB3-131-C3SZ Chromebook 11 PC with Intel Celeron
N2840 Dual-Core Processor, 2GB Memory, 16GB Flash Storage and Google Chrome",tech,laptops_csv
" Refurbished Dell XPS 13 9350 i7-6560U 8GB 256GB PCIe SSD QHD+ touch silver
IRIS 540 laptop",tech,laptops_csv
" HP Elite x2 1012 G1 - 12"""" - Core m3 6Y30 - 4 GB RAM - 128 GB SSD - with HP
Elite x2 1012 G1 Travel Keyboard HP Active Pen",tech,laptops_csv
" HP Pavilion 17-ar050wm, 17.3"""" Laptop, Full HD IPS Dislpay, Windows 10 Home,
AMD A10-9620P QC, 8GB Memory, 1TB Hard Drive, Mineral Silver",tech,laptops_csv
" ASUS Black 15.6; TP550LA-RHI5T01 2-in-1 Laptop PC with Intel Core i5-4210U
Processor Bundle (Choice of Case or Speaker System)",tech,laptops_csv
" Refurbished HP 14"""" EliteBook 8470P Laptop PC with Intel Core i5-3210M
Processor, 4GB Memory, 128GB SSD and Windows 10 Pro",tech,laptops_csv
" Dell Inspiron i5559 15.6 Inch FHD Touchscreen Laptop (Intel RealSense 3D
Camera, Intel Core i5, 8 GB RAM, 1 TB HDD)",tech,laptops_csv
 S5-371-3164 I3-6100U 2.3G 4GB 128GB SSD 13.3IN 11AC BT4.0 W10H,tech,laptops_csv
" 11.6"""" Convertible Touchscreen Laptop, Windows 10 Home, Office 365 Personal
1-Year Subscription Included ($69.99 Value), Intel Processor, 32GB storage,
Front camera with 8 hour battery",tech,laptops_csv
" Msi GL62M621 Gl62m 7re-621 15.6 Inch Intel Core I7-7700hq 2.8ghz/ 8gb Ddr4/
1tb Hdd + 128gb Ssd/ Gtx 1050 Ti/ Usb3.0/ Windows 10 Notebook (black)",tech,laptops_csv
 Dell XPS 12-9250 12.5 inch Tablet Intel Core m5 6Y54 8GB RAM 256GB SSD Win10,tech,laptops_csv
 Hewlett Packard P0B79UT#ABA Chromebook,tech,laptops_csv
" HP 15-bk010nr 15.6"""" Touchscreen Notebook 15-bk010nr Notebook",tech,laptops_csv
" HP EliteBook 840 G3 - 14"""" - Core i7 6600U - 8 GB RAM - 512 GB SSD",tech,laptops_csv
" Dell Inspiron 15 Gaming Edition Black 15.6"""" 7559 Laptop PC with Intel Core
i7-6700HQ Processor, 8GB Memory, 1TB Hybrid Hard Drive and Windows 10 Home",tech,laptops_csv
" Dell Inspiron i7559-763BLK 15.6"""" IPS Full-HD 1920x1080 Gaming Laptop Intle
Quad Core, 8GB RAM, 256GB SSD, NVIDIA GeForce GTX960M 4GB GDDR5",tech,laptops_csv
" HP Chromebook 13 G1 - 13.3"""" - Core m5 6Y57 - 8 GB RAM - 32 GB SSD",tech,laptops_csv
" Refurbished HP Black 14"""" Pavilion Beats Edition dm4-3099se Laptop PC with
Intel Core i5-2450M Processor, 6GB Memory, 640GB Hard Drive and Windows 7 Home
Premium",tech,laptops_csv
" HP EliteBook Folio G1 - 12.5"""" - Core m7 6Y75 - 8 GB RAM - 256 GB SSD",tech,laptops_csv
" Refurbished HP Ultrabook Silver 14"""" EliteBook Folio 9470M WA5-1153 Laptop PC
with Intel Core i5-1.8GHz 3427U, 8GB Memory, 128GB Solid State Drive and
Windows 10 Home",tech,laptops_csv
 Apple MacBook Pro MJLT2LL/A 15.4-Inch Laptop with Retina Display (512 GB),tech,laptops_csv
" Refurbished Dell XPS 15 9550 i7-6700HQ 16GB 512GB PCIe SSD FHD INFINITY Nvidia
GTX960M Windows 10 PROFESSIONAL Laptop silver",tech,laptops_csv
" Refurbished Dell 15.5"""" Lattitude E6520 Laptop PC with Intel Core i5
Processor, 4GB Memory, 500GB Hard Drive and Windows 10 Pro",tech,laptops_csv
 ROG GL502VM-DS74 I7-7700HQ 2.8G 16GB 128GB SSD+1TB 15.6IN W10,tech,laptops_csv
 Acer Chromebook 15 PC Laptop (CB5-571-C09S) 15.6-Inch 32GB - White,tech,laptops_csv
" HP Jaguar 15-bs070wm, 15.6"""" Natural Silver Touch Laptop, Windows 10, Intel
Core i5-7200U Processor, 8GB Memory, 1TB Hard Drive",tech,laptops_csv
" Refurbished HP Pavilion x360 15-bk020wm 15.6"""" Laptop, Touchscreen, 2-in-1,
Windows 10 Home, Intel Core i5-6200U Processor, 8GB RAM, 1TB Hard Drive",tech,laptops_csv
" Apple MacBook Pro with Touch Bar - 13.3"""" - Core i5 - 8 GB RAM - 512 GB SSD -
English",tech,laptops_csv
" Lenovo ThinkPad P40 Yoga - 14"""" - Core i7 6500U - 8 GB RAM - 256 GB SSD",tech,laptops_csv
" HP Black Licorice 15.6"""" 15-F387WM Laptop PC with AMD A8-7410 Processor, 4GB
Memory, touch screen, 500GB Hard Drive and Windows 10 Home",tech,laptops_csv
" HP Envy 15-as014wm 15.6"""" Laptop, Full-HD IPS Touch Screen, Windows 10, Intel
Core i7-6500U Processor, 8GB Memory, 1TB Hard Drive, Natural Silver",tech,laptops_csv
I enjoy cooking,non-tech,tech_csv_xlsx
"I think virtual reality technology has a lot of potential for education.,1",tech,tech_csv_xlsx
"I prefer using a digital calendar over a physical one.,1",tech,tech_csv_xlsx
"I think online shopping is very convenient.,1",non-tech,tech_csv_xlsx
"I'm interested in learning about the history of ancient civilizations.,0",non-tech,tech_csv_xlsx
Social media can also have negative effects on mental health.,non-tech,tech_csv_xlsx
"I'm amazed by how much storage capacity is available on modern devices.,1",tech,tech_csv_xlsx
"I'm saving up to buy a new laptop for gaming.,1",tech,tech_csv_xlsx
I think online education can be a more affordable option for many people.,non-tech,tech_csv_xlsx
"The development of renewable energy is crucial for the future of our planet.,1",tech,tech_csv_xlsx
"I find it fascinating to learn about the universe and space exploration.,1",tech,tech_csv_xlsx
"I'm trying to reduce my carbon footprint by biking to work.,1",non-tech,tech_csv_xlsx
"The cloud is changing the way we store and access data.,1",tech,tech_csv_xlsx
"I'm fascinated by the concept of 3D printing and its potential applications.,1",tech,tech_csv_xlsx
"I think the internet is a powerful tool for education.,1",tech,tech_csv_xlsx
"I'm concerned about the privacy implications of facial recognition technology.,1",tech,tech_csv_xlsx
"I'm impressed by the advancements in renewable energy.,1",tech,tech_csv_xlsx
"I'm interested in learning about the benefits of meditation.,0",non-tech,tech_csv_xlsx
"I love watching movies on my smart TV.,1",non-tech,tech_csv_xlsx
"I'm learning to code so I can build my own website.,1",tech,tech_csv_xlsx
"I need to buy a new laptop for work.,1",tech:non-tech,tech_csv_xlsx
"I find it challenging to learn a new language.,0",non-tech,tech_csv_xlsx
"I prefer using a wireless keyboard and mouse over a wired one.,1",tech,tech_csv_xlsx
"Social media algorithms can influence the information we see online.,0",non-tech,tech_csv_xlsx
"I'm interested in the potential of augmented reality for education and entertainment.,1",non-tech,tech_csv_xlsx
"I'm excited to see what new technology will be invented in the future.,1",tech,tech_csv_xlsx
"Video conferencing has become a staple of modern communication.,1",tech,tech_csv_xlsx
"The use of voice assistants like Siri and Alexa is becoming more common.,1",tech,tech_csv_xlsx
"I prefer to read physical books rather than ebooks.,0",non-tech,tech_csv_xlsx
"Smart home technology can make your life more convenient.,1",tech,tech_csv_xlsx
"Virtual reality has the potential to revolutionize entertainment.,1",tech,tech_csv_xlsx
"I think robots will become more common in the workplace.,1",tech,tech_csv_xlsx
"I'm saving up to buy a new gaming console.,1",tech:non-tech,tech_csv_xlsx
"The field of biotechnology has the potential to improve many aspects of life.,1",tech,tech_csv_xlsx
"I'm excited to try the new virtual reality game.,1",tech,tech_csv_xlsx
"The rise of artificial intelligence is changing the world.,1",tech,tech_csv_xlsx
The development of smart cities can improve the lives of urban residents.,tech,tech_csv_xlsx
"I like to go for a walk in the park after dinner.,0",non-tech,tech_csv_xlsx
"I'm excited to try the new augmented reality app.,1",tech,tech_csv_xlsx
"The weather was perfect for a picnic yesterday.,0",non-tech,tech_csv_xlsx
I'm interested in the potential of gene editing for medical purposes.,non-tech,tech_csv_xlsx
"I think the internet has made it easier to find and apply for jobs.,1",tech,tech_csv_xlsx
Social media can also be a breeding ground for misinformation.,non-tech,tech_csv_xlsx
"Social media can be a great way to connect with friends and family.,0",non-tech,tech_csv_xlsx
I prefer using a smartwatch over a traditional watch.,tech,tech_csv_xlsx
"I think electric cars are the future of transportation.,1",tech,tech_csv_xlsx
"The internet has revolutionized the way we communicate.,1",tech,tech_csv_xlsx
"The use of drones is becoming more common in various industries.,1",tech,tech_csv_xlsx
"I love playing video games in my free time.,1",non-tech,tech_csv_xlsx
"We're planning a trip to Europe next year.,0",non-tech,tech_csv_xlsx
"The use of big data is revolutionizing many industries.,1",tech,tech_csv_xlsx
"I'm interested in learning more about blockchain technology.,1",tech,tech_csv_xlsx
Machine learning has the potential to transform various industries.,tech,tech_csv_xlsx
"The development of self-driving cars is progressing rapidly.,1",tech,tech_csv_xlsx
The use of facial recognition technology can help improve security in certain situations.,tech,tech_csv_xlsx
"Smart home technology is becoming more popular.,1",tech,tech_csv_xlsx
"The use of biometrics is becoming more common in various industries.,1",tech,tech_csv_xlsx
The use of mobile devices has revolutionized the way we access information.,tech,tech_csv_xlsx
"I think self-driving cars will become more common in the future.,1",tech,tech_csv_xlsx
"I love listening to music while I work out.,0",non-tech,tech_csv_xlsx
"I enjoy hiking in the mountains on the weekends.,0",non-tech,tech_csv_xlsx
The field of nanotechnology has the potential to revolutionize many industries.,tech,tech_csv_xlsx
"I'm looking forward to trying out the new restaurant in town.,0",non-tech,tech_csv_xlsx
"I'm considering buying a new tablet for reading and watching movies.,1",tech,tech_csv_xlsx
"My favorite hobby is reading science fiction novels.,0",non-tech,tech_csv_xlsx
"I'm learning to play the guitar in my spare time.,0",non-tech,tech_csv_xlsx
"The gig economy is changing the way people work and earn money.,1",non-tech,tech_csv_xlsx
"I don't like to watch horror movies because they scare me.,0",non-tech,tech_csv_xlsx
"Cybersecurity is more important now than ever before.,1",tech,tech_csv_xlsx
"I enjoy going to the gym to lift weights.,0",non-tech,tech_csv_xlsx
"I find it relaxing to paint in my spare time.,0",non-tech,tech_csv_xlsx
"I'm saving up to buy a new camera for my photography hobby.,1",non-tech:tech,tech_csv_xlsx
"I prefer using a wireless charger for my phone over a traditional charger.,1",tech,tech_csv_xlsx
"I'm taking an online course to improve my photography skills.,1",non-tech,tech_csv_xlsx
"I'm considering buying a smartwatch to track my fitness goals.,1",tech,tech_csv_xlsx
"I'm interested in learning about renewable energy sources.,1",tech,tech_csv_xlsx
"Cryptocurrency is a hot topic in the world of finance.,1",tech,tech_csv_xlsx
"I prefer to use a desktop computer rather than a laptop.,1",tech,tech_csv_xlsx
"The use of robots is increasing in manufacturing and healthcare.,1",tech,tech_csv_xlsx
"I'm taking a cooking class to learn how to make new dishes.,0",non-tech,tech_csv_xlsx
"I enjoy going for a run in the park on sunny days.,0",non-tech,tech_csv_xlsx
"I need to upgrade my phone to a newer model.,1",tech,tech_csv_xlsx
"I think social media can be a source of stress and anxiety.,0",non-tech,tech_csv_xlsx
"I'm planning to take a trip to Japan to experience the culture.,0",non-tech,tech_csv_xlsx
I think virtual assistants will become more sophisticated in the future.,tech,tech_csv_xlsx
The development of quantum computing could lead to major breakthroughs in various fields.,tech,tech_csv_xlsx
"I prefer to shop online instead of going to a physical store.,1",non-tech,tech_csv_xlsx
"I don't like using social media very much.,0",non-tech,tech_csv_xlsx
"The latest update to the app has a lot of new features.,1",tech,tech_csv_xlsx
"The internet has made it easier than ever to work remotely.,1",tech,tech_csv_xlsx
"I'm planning to start a blog about my travels.,1",non-tech,tech_csv_xlsx
"I'm trying to reduce my meat consumption for environmental reasons.,1",non-tech,tech_csv_xlsx
"I think the internet of things will change the way we interact with technology.,1",tech,tech_csv_xlsx
"The rise of automation is changing the job market.,1",tech,tech_csv_xlsx
"The latest iPhone has some amazing new features.,1",tech,tech_csv_xlsx
I think autonomous robots will become more prevalent in the future.,tech,tech_csv_xlsx
The use of solar energy is increasing in many parts of the world.,tech,tech_csv_xlsx
"The use of electric vehicles is becoming more common in many countries.,1",tech,tech_csv_xlsx
"I prefer to use a keyboard rather than a touchpad.,1",tech,tech_csv_xlsx
"I'm considering buying a fitness tracker to monitor my health.,1",tech,tech_csv_xlsx
"Artificial intelligence is transforming the way we live and work.,1",tech,tech_csv_xlsx
"I'm planning to take a photography trip to Iceland.,1",non-tech,tech_csv_xlsx
What is your favorite type of cheeseburger?,non-tech,questions_csv
How do you create a social media strategy?,tech,questions_csv
What is your favorite type of dessert?,non-tech,questions_csv
What is your favorite TV show?,non-tech,questions_csv
How do you change a tire on a car?,non-tech,questions_csv
What is your favorite type of food?,non-tech,questions_csv
How do you make a souffle?,non-tech,questions_csv
How do you make a smoothie bowl?,non-tech,questions_csv
How do you knit a scarf?,non-tech,questions_csv
How do you make a smoothie?,non-tech,questions_csv
How do you create a financial plan?,non-tech,questions_csv
What is your favorite vacation spot?,non-tech,questions_csv
What is your favorite type of art?,non-tech,questions_csv
What is your favorite outdoor activity?,non-tech,questions_csv
How do you make homemade ice cream?,non-tech,questions_csv
What is your favorite type of coffee?,non-tech,questions_csv
What is your favorite hobby?,non-tech,questions_csv
What is your favorite type of bread?,non-tech,questions_csv
What is your favorite type of tea?,non-tech,questions_csv
What is your favorite type of cocktail?,non-tech,questions_csv
How do you make a marinade?,non-tech,questions_csv
What is your favorite type of cheese?,non-tech,questions_csv
How do you create a workout routine?,non-tech,questions_csv
How do you make a sandwich?,non-tech,questions_csv
How do you make a budget for a business?,non-tech,questions_csv
How do you create a content strategy?,non-tech,questions_csv
How do you create a brand identity?,non-tech,questions_csv
How do you make homemade pasta?,non-tech,questions_csv
How do you train for a marathon?,non-tech,questions_csv
What is your favorite type of beer?,non-tech,questions_csv
What is your favorite type of juice?,non-tech,questions_csv
How do you create a sales plan?,non-tech,questions_csv
What is your favorite type of pizza topping?,non-tech,questions_csv
How do you make the perfect cup of coffee?,non-tech,questions_csv
How do you create a business plan?,non-tech,questions_csv
How do you repair a cracked phone screen?,tech,questions_csv
How do you create a marketing plan?,non-tech,questions_csv
What is your favorite holiday?,non-tech,questions_csv
How do you create a budget?,non-tech,questions_csv
What is your favorite type of wine?,non-tech,questions_csv
What is your favorite type of soup?,non-tech,questions_csv
What is your favorite type of vegetable?,non-tech,questions_csv
How do you make a vegetarian lasagna?,non-tech,questions_csv
What is your favorite restaurant?,non-tech,questions_csv
How do you change the battery in a watch?,tech,questions_csv
What is your favorite sport?,non-tech,questions_csv
How do you grow a vegetable garden?,non-tech,questions_csv
What is your favorite type of meat?,non-tech,questions_csv
How do you make a salad?,non-tech,questions_csv
What is your favorite book?,non-tech,questions_csv
How do you make a quilt?,non-tech,questions_csv
What is your favorite movie?,non-tech,questions_csv
How do you make a cake from scratch?,non-tech,questions_csv
How do you fix a leaky faucet?,tech,questions_csv
What is your favorite type of fries?,non-tech,questions_csv
What is your favorite type of fruit?,non-tech,questions_csv
How do you make a salad dressing from scratch?,non-tech,questions_csv
What is your favorite type of fish?,non-tech,questions_csv
How do you make homemade pizza?,non-tech,questions_csv
How do you make a website from scratch?,tech,questions_csv
What is your favorite type of cuisine?,non-tech,questions_csv
How do you write a novel?,non-tech,questions_csv
What is the best way to learn a new language?,non-tech,questions_csv
What is your favorite type of sushi?,non-tech,questions_csv
What is your favorite type of nut?,non-tech,questions_csv
How do you make scrambled eggs?,non-tech,questions_csv
What is your favorite type of music?,non-tech,questions_csv
What is your favorite type of exercise?,non-tech,questions_csv
What is your favorite type of flower?,non-tech,questions_csv
What is your favorite type of soda?,non-tech,questions_csv
How do you make a stir-fry?,non-tech,questions_csv
What is your favorite type of weather?,non-tech,questions_csv
How do you create a website design?,tech,questions_csv
How do you change the oil in a car?,tech,questions_csv
How do I organize my closet efficiently?,non-tech,questions2_csv
What are some good ways to manage my finances?,non-tech,questions2_csv
How do I make homemade pizza dough?,non-tech,questions2_csv
How can I optimize my social media marketing strategy?,non-tech:tech,questions2_csv
What is the best way to optimize a website for mobile devices?,tech,questions2_csv
How can I improve my writing skills?,non-tech,questions2_csv
How can I develop a morning routine that works for me?,non-tech,questions2_csv
What are some good ways to improve my time management skills?,non-tech,questions2_csv
How do I build a successful fitness routine?,non-tech,questions2_csv
How do I set up a secure online payment system for my website?,tech,questions2_csv
How do I plan a successful vacation?,non-tech,questions2_csv
How do I plan a successful road trip?,non-tech,questions2_csv
How can I learn to use Photoshop?,tech,questions2_csv
How can I improve my website's user experience?,tech,questions2_csv
What are some effective ways to overcome fear of public speaking?,non-tech,questions2_csv
What is the best programming language for beginners?,tech,questions2_csv
How do I make homemade bread?,non-tech,questions2_csv
What is the best e-commerce platform for small businesses?,tech,questions2_csv
How do I train for a marathon?,non-tech,questions2_csv
How can I learn to code with Python?,tech,questions2_csv
How do I back up my data to the cloud?,tech,questions2_csv
How can I learn to play a musical instrument?,non-tech,questions2_csv
How can I learn to use Adobe Illustrator?,tech,questions2_csv
What is the best email marketing software for small businesses?,tech,questions2_csv
How can I create a healthy work-life balance?,non-tech,questions2_csv
What is the best software for project management?,tech,questions2_csv
How can I learn to code mobile apps?,tech,questions2_csv
What are some good ways to stay productive while working from home?,non-tech,questions2_csv
What are some effective ways to maintain a positive mindset?,non-tech,questions2_csv
What is the best virtual private network (VPN) service?,tech,questions2_csv
How can I secure my online accounts with two-factor authentication?,tech,questions2_csv
What are some effective ways to maintain a healthy diet?,non-tech,questions2_csv
How can I protect my computer from malware and viruses?,tech,questions2_csv
What is the best software for video editing?,tech,questions2_csv
How do I troubleshoot a computer that won't turn on?,tech,questions2_csv
How do I troubleshoot a Wi-Fi connectivity issue?,tech,questions2_csv
How do I troubleshoot a slow internet connection?,tech,questions2_csv
What are some effective ways to stay motivated while pursuing a goal?,non-tech,questions2_csv
How can I learn a new language quickly?,non-tech,questions2_csv
How do I reset my iPhone to factory settings?,tech,questions2_csv
How can I improve my website's search engine ranking?,tech,questions2_csv
What are some effective ways to manage stress at work?,non-tech,questions2_csv
How do I fix a broken printer?,tech,questions2_csv
How do I develop a daily meditation practice?,non-tech,questions2_csv
What is the best cloud storage service for personal use?,tech,questions2_csv
How can I declutter my living space?,non-tech,questions2_csv
What are some good ways to improve my physical fitness?,non-tech,questions2_csv
How can I improve my photography skills?,non-tech,questions2_csv
How do I prepare for a certification exam in the IT industry?,tech,questions3_csv
How can I learn to play poker?,non-tech,questions3_csv
How can I learn to make homemade soap?,non-tech,questions3_csv
What are some effective ways to improve my time management skills?,non-tech,questions3_csv
What are some effective ways to stay organized at work?,non-tech,questions3_csv
What are some effective ways to improve my public relations skills?,non-tech,questions3_csv
What are some effective ways to stay focused while working?,non-tech,questions3_csv
How can I learn to play chess?,non-tech,questions3_csv
How do I plan a successful baby gender reveal party?,non-tech,questions3_csv
What are some effective ways to stay focused while studying for a test?,non-tech,questions3_csv
What are some good ways to improve my teamwork skills?,non-tech,questions3_csv
How can I learn to dance?,non-tech,questions3_csv
How can I develop a successful daily journaling practice?,non-tech,questions3_csv
How do I plan a successful Halloween party?,non-tech,questions3_csv
How do I plan a successful event?,non-tech,questions3_csv
How do I prepare for a graduate school interview?,non-tech,questions3_csv
How can I develop a successful daily workout routine?,non-tech,questions3_csv
What are some good ways to improve my memory?,non-tech,questions3_csv
What are some good ways to improve my problem-solving skills?,non-tech:tech,questions3_csv
What are some good ways to improve my communication skills?,non-tech,questions3_csv
How can I develop a successful morning meditation routine?,non-tech,questions3_csv
How can I learn to make homemade bread?,non-tech,questions3_csv
What are some effective ways to stay organized at home?,non-tech,questions3_csv
How can I develop a successful yoga practice?,non-tech,questions3_csv
How can I learn to draw?,non-tech,questions3_csv
How can I develop a successful daily affirmations practice?,non-tech,questions3_csv
What are some good ways to improve my decision-making skills?,non-tech,questions3_csv
How do I prepare for a graduate school admission test?,non-tech,questions3_csv
What are some effective ways to stay motivated while working out?,non-tech,questions3_csv
What are some good ways to improve my customer service skills?,non-tech,questions3_csv
What are some good ways to stay organized while planning a wedding?,non-tech,questions3_csv
How do I plan a successful engagement party?,non-tech,questions3_csv
What are some good ways to stay organized while moving to a new home?,non-tech,questions3_csv
How do I plan a successful bridal shower?,non-tech,questions3_csv
What are some effective ways to stay motivated while learning a new skill?,non-tech,questions3_csv
How can I learn to make homemade pasta?,non-tech,questions3_csv
How can I develop a successful daily exercise routine?,non-tech,questions3_csv
What are some effective ways to manage stress during the day?,non-tech,questions3_csv
How can I learn to knit a sweater?,non-tech,questions3_csv
How can I develop a successful daily stretching routine?,non-tech,questions3_csv
How can I develop a successful writing routine?,non-tech,questions3_csv
What are some good ways to stay organized while studying for a test?,non-tech,questions3_csv
What are some effective ways to improve my conflict resolution skills?,non-tech,questions3_csv
How can I develop a successful gratitude practice?,non-tech,questions3_csv
What are some good ways to improve my creativity?,non-tech,questions3_csv
What are some effective ways to improve my concentration?,non-tech,questions3_csv
What are some effective ways to stay motivated while pursuing a passion?,non-tech,questions3_csv
How do I prepare for a presentation?,non-tech,questions3_csv
How do I plan a successful family reunion?,non-tech,questions3_csv
What are some effective ways to improve my project management skills?,non-tech,questions3_csv
How do I plan a successful charity run?,non-tech,questions3_csv
How do I prepare for a medical school admission test?,non-tech,questions3_csv
How can I learn to play the piano?,non-tech,questions3_csv
How do I prepare for a marathon?,non-tech,questions3_csv
How can I learn to paint?,non-tech,questions3_csv
What are some good ways to stay organized while planning a vacation?,non-tech,questions3_csv
What are some good ways to stay motivated while studying?,non-tech,questions3_csv
What are some good ways to stay motivated while pursuing a creative project?,non-tech,questions3_csv
How can I develop a successful cooking routine?,non-tech,questions3_csv
How do I plan a successful trip?,non-tech,questions3_csv
What are some effective ways to improve my emotional intelligence?,non-tech,questions3_csv
How can I learn to make homemade ice cream?,non-tech,questions3_csv
What are some effective ways to improve my decision-making skills in the workplace?,non-tech,questions3_csv
How do I plan a successful book club meeting?,non-tech,questions3_csv
What are some good ways to stay motivated while pursuing a fitness goal?,non-tech,questions3_csv
How do I plan a successful wedding?,non-tech,questions3_csv
How do I plan a successful charity event?,non-tech,questions3_csv
What are some effective ways to manage my time during the day?,non-tech,questions3_csv
How can I learn to make homemade candles?,non-tech,questions3_csv
How do I prepare for a business meeting?,non-tech,questions3_csv
How can I learn to speak a new language?,non-tech,questions3_csv
How do I prepare for a big exam?,non-tech,questions3_csv
How do I prepare for a certification exam in the finance industry?,non-tech,questions3_csv
How can I learn to sew?,non-tech,questions3_csv
How can I develop a successful self-care routine?,non-tech,questions3_csv
How do I prepare for a public speaking engagement?,non-tech,questions3_csv
How do I prepare for a law school admission test?,non-tech,questions3_csv
What are some good ways to improve my negotiation skills?,non-tech,questions3_csv
How do I prepare for a professional certification exam?,non-tech,questions3_csv
How do I plan a successful corporate event?,non-tech,questions3_csv
How do I plan a successful product launch?,non-tech,questions3_csv
What are some good ways to stay motivated while pursuing a hobby?,non-tech,questions3_csv
What are some good ways to improve my critical thinking skills?,non-tech,questions3_csv
How can I learn to make soap?,non-tech,questions3_csv
How do I prepare for a professional development conference?,non-tech,questions3_csv
How can I learn to play the guitar?,non-tech,questions3_csv
How can I develop a successful meditation practice?,non-tech,questions3_csv
How do I plan a successful product launch party?,non-tech,questions3_csv
What are some good ways to stay motivated while pursuing a personal finance goal?,non-tech,questions3_csv
How do I prepare for a college interview?,non-tech,questions3_csv
What are some good ways to improve my interpersonal skills?,non-tech,questions3_csv
How do I prepare for a dental school admission test?,non-tech,questions3_csv
How can I learn to make pottery?,non-tech,questions3_csv
What are some effective ways to stay organized while traveling?,non-tech,questions3_csv
What are some effective ways to stay focused while working from home?,non-tech,questions3_csv
How do I prepare for a teacher certification exam?,non-tech,questions3_csv
How do I plan a successful product demonstration?,non-tech,questions3_csv
How do I develop a successful skincare routine?,non-tech,questions3_csv
How can I develop a successful daily gratitude practice?,non-tech,questions3_csv
What are some effective ways to stay focused while studying?,non-tech,questions3_csv
How can I develop a successful public speaking practice?,non-tech,questions3_csv
How do I plan a successful birthday party?,non-tech,questions3_csv
How can I learn to knit?,non-tech,questions3_csv
How can I improve my leadership skills?,non-tech,questions3_csv
How do I plan a successful fundraiser?,non-tech,questions3_csv
How do I plan a successful party?,non-tech,questions3_csv
How can I develop a successful daily meditation practice?,non-tech,questions3_csv
How do I develop a successful morning routine?,non-tech,questions3_csv
How do I plan a successful baby shower?,non-tech,questions3_csv
How can I develop a successful fitness routine?,non-tech,questions3_csv
How do I prepare for a job fair?,non-tech,questions3_csv
How can I optimize the performance of my home theater system?,tech,questions4_csv
How can I optimize the speed of my home network?,tech,questions4_csv
What are some good ways to protect my children from online dangers?,tech,questions4_csv
How can I recover lost files from my USB drive?,tech,questions4_csv
How do I troubleshoot display issues with my laptop?,tech,questions4_csv
How do I upgrade the operating system on my smartphone?,tech,questions4_csv
How do I upgrade the SSD in my laptop?,tech,questions4_csv
What are some good ways to improve the performance of my gaming PC?,tech,questions4_csv
What are some good ways to secure my online accounts with biometric authentication?,tech,questions4_csv
How can I protect my online accounts with two-factor authentication?,tech,questions4_csv
How do I upgrade the graphics card in my gaming laptop?,tech,questions4_csv
How can I recover a corrupted hard drive?,tech,questions4_csv
What are some effective ways to prevent online harassment?,non-tech:tech,questions4_csv
What are some effective ways to prevent online stalking?,non-tech,questions4_csv
How can I recover a forgotten password on my social media account?,tech,questions4_csv
What are some effective ways to prevent online fraud?,tech:non-tech,questions4_csv
How can I optimize the storage space on my smartphone?,tech,questions4_csv
What are some effective ways to prevent online scams?,non-tech:tech,questions4_csv
How do I troubleshoot display issues with my gaming monitor?,tech,questions4_csv
How can I optimize my website for search engines?,tech,questions4_csv
How can I recover deleted files from my computer?,tech,questions4_csv
How do I install a new graphics card in my computer?,tech,questions4_csv
How do I optimize the speed of my internet connection?,tech,questions4_csv
How can I recover deleted photos from my camera?,tech,questions4_csv
What are some good ways to secure my online accounts with strong passwords?,tech,questions4_csv
What are some good ways to secure my online transactions?,tech:non-tech,questions4_csv
What are some good ways to protect my online privacy?,tech,questions4_csv
What are some effective ways to protect my computer from malware?,tech,questions4_csv
How do I troubleshoot connection issues with my wireless headphones?,tech,questions4_csv
How do I troubleshoot network connection issues?,tech,questions4_csv
How do I troubleshoot audio issues with my tablet?,tech,questions4_csv
How do I upgrade the firmware on my smart TV?,tech,questions4_csv
What are some effective ways to prevent identity theft?,non-tech:tech,questions4_csv
What are some good ways to backup my important data?,tech,questions4_csv
How can I improve the Wi-Fi signal strength in my home?,tech,questions4_csv
How do I upgrade the RAM in my desktop computer?,tech,questions4_csv
How do I troubleshoot performance issues with my gaming console?,tech,questions4_csv
How do I upgrade the firmware on my router?,tech,questions4_csv
How do I troubleshoot software compatibility issues with my computer?,tech,questions4_csv
How can I optimize the battery usage of my tablet?,tech,questions4_csv
How do I upgrade the processor in my desktop computer?,tech,questions4_csv
What are some effective ways to prevent ransomware attacks?,tech,questions4_csv
How can I recover deleted messages from my social media account?,tech,questions4_csv
What are some effective ways to prevent cyberbullying?,non-tech,questions4_csv
How can I troubleshoot hardware issues with my computer?,tech,questions4_csv
What are some good ways to protect my personal information online?,tech,questions4_csv
How can I recover lost contacts on my smartphone?,tech,questions4_csv
How can I secure my home Wi-Fi network from unauthorized access?,tech,questions4_csv
What are some effective ways to prevent phishing scams?,tech,questions4_csv
